,87% Target,,,51% Target,,,23% Target,,
Filter,B1,B2,B3,B1,B2,B3,B1,B2,B3
850/660,87.032549,0.000000,84.635140,52.135779,0.000000,51.950608,23.664799,0.000000,22.795518
800/446,0.000000,0.000000,0.000000,0.000000,0.000000,0.000000,0.000000,0.000000,0.000000
850,84.635140,0.000000,0.000000,51.950608,0.000000,0.000000,22.795518,0.000000,0.000000
808,0.000000,0.000000,0.000000,0.000000,0.000000,0.000000,0.000000,0.000000,0.000000
650,87.127166,0.000000,0.000000,52.104257,0.000000,0.000000,23.685800,0.000000,0.000000
548,0.000000,87.415089,0.000000,0.000000,51.734381,0.000000,0.000000,24.032515,0.000000
450,0.000000,0.000000,86.469794,0.000000,0.000000,50.392915,0.000000,0.000000,23.565447
